<?xml version="1.0" encoding="UTF-8" standalone="no"?>
<RULES>
    <RULE APP_VERSION="8.4.2-668" CACHE_TTL="259200" CACHE_TTL_SYNCED="true" CLASSIFICATION="REG_STATUS" DESCRIPTION="" ENABLED="true" ID="-4432067549088643623" NAME="Cisco VM Export" NOT_COND_UPDATE="true" UPGRADE_PERFORMED="true">
        <GROUP_IN_FILTER/>
        <INACTIVITY_TTL TTL="259200000" USE_DEFAULT="true"/>
        <ADMISSION_RESOLVE_DELAY TTL="30000" USE_DEFAULT="true"/>
        <MATCH_TIMING SKIP_INACTIVE="true"/>
        <ACTION DISABLED="false" NAME="connect_ciscovm_export">
            <SCHEDULE>
                <START Class="Immediately"/>
                <OCCURENCE onStart="false">
                    <FSSCHEDULE Class="FSDailySchedule" FREQ="1" HOUR="0" MINUTE="0" REGTIME="1698400223688"/>
                </OCCURENCE>
            </SCHEDULE>
        </ACTION>
        <EXCEPTION NAME="ip" UNKNOWN_EVAL="UNMATCH"/>
        <EXCEPTION NAME="mac" UNKNOWN_EVAL="UNMATCH"/>
        <EXCEPTION NAME="nbthost" UNKNOWN_EVAL="UNMATCH"/>
        <EXCEPTION NAME="user" UNKNOWN_EVAL="UNMATCH"/>
        <EXCEPTION NAME="group" UNKNOWN_EVAL="UNMATCH"/>
        <ORIGIN NAME="CUSTOM"/>
        <UNMATCH_TIMING SKIP_INACTIVE="true"/>
        <RANGE FROM="0.0.0.0" TO="255.255.255.255"/>
        <SUBNET address="::" prefix="0"/>
        <RULE_CHAIN>
            <INNER_RULE APP_VERSION="8.4.2-668" CACHE_TTL="259200" CACHE_TTL_SYNCED="true" CLASSIFICATION="REG_STATUS" DESCRIPTION="" ID="2438229011676425286" NAME="Pending" NOT_COND_UPDATE="true" RECHECK_MAIN_RULE_DEF="false">
                <MATCH_TIMING SKIP_INACTIVE="true"/>
                <EXPRESSION EXPR_TYPE="OR">
                    <!--Rule expression. Rule name is: Pending-->
                    <EXPRESSION EXPR_TYPE="NOT">
                        <EXPRESSION EXPR_TYPE="SIMPLE">
                            <CONDITION EMPTY_LIST_VALUE="false" FIELD_NAME="connect_ciscovm_exported_state" INNER_NOT="true" LABEL="Cisco VM Exported State" LEFT_PARENTHESIS="0" LOGIC="OR" PLUGIN_NAME="Connect" PLUGIN_UNIQUE_NAME="connect_module" PLUGIN_VESRION="1.7.4" PLUGIN_VESRION_NUMBER="17040015" RET_VALUE_ON_UKNOWN="IRRESOLVED" RIGHT_PARENTHESIS="0">
                                <FILTER CASE_SENSITIVE="false" FILTER_ID="-8714962315216057743" TYPE="any">
                                    <VALUE VALUE2="Any"/>
                                </FILTER>
                            </CONDITION>
                        </EXPRESSION>
                    </EXPRESSION>
                    <EXPRESSION EXPR_TYPE="SIMPLE">
                        <CONDITION EMPTY_LIST_VALUE="false" FIELD_NAME="connect_ciscovm_exported_state" LABEL="Cisco VM Exported State" LEFT_PARENTHESIS="0" LOGIC="AND" PLUGIN_NAME="Connect" PLUGIN_UNIQUE_NAME="connect_module" PLUGIN_VESRION="1.7.4" PLUGIN_VESRION_NUMBER="17040015" RET_VALUE_ON_UKNOWN="IRRESOLVED" RIGHT_PARENTHESIS="0">
                            <FILTER CASE_SENSITIVE="false" FILTER_ID="183738736711262355" TYPE="equals">
                                <VALUE VALUE2="Pending"/>
                            </FILTER>
                        </CONDITION>
                    </EXPRESSION>
                </EXPRESSION>
                <EXCEPTION NAME="nbthost" UNKNOWN_EVAL="UNMATCH"/>
                <EXCEPTION NAME="ip" UNKNOWN_EVAL="UNMATCH"/>
                <EXCEPTION NAME="user" UNKNOWN_EVAL="UNMATCH"/>
                <EXCEPTION NAME="mac" UNKNOWN_EVAL="UNMATCH"/>
                <EXCEPTION NAME="group" UNKNOWN_EVAL="UNMATCH"/>
            </INNER_RULE>
            <INNER_RULE APP_VERSION="8.4.2-668" CACHE_TTL="259200" CACHE_TTL_SYNCED="true" CLASSIFICATION="REG_STATUS" DESCRIPTION="" ID="8462457766007566048" NAME="Failed" NOT_COND_UPDATE="true" RECHECK_MAIN_RULE_DEF="false">
                <MATCH_TIMING SKIP_INACTIVE="true"/>
                <EXPRESSION EXPR_TYPE="AND">
                    <!--Rule expression. Rule name is: Failed-->
                    <EXPRESSION EXPR_TYPE="NOT">
                        <EXPRESSION EXPR_TYPE="SIMPLE">
                            <CONDITION EMPTY_LIST_VALUE="false" FIELD_NAME="connect_ciscovm_exported_state" INNER_NOT="true" LABEL="Cisco VM Exported State" LEFT_PARENTHESIS="0" LOGIC="AND" PLUGIN_NAME="Connect" PLUGIN_UNIQUE_NAME="connect_module" PLUGIN_VESRION="1.7.4" PLUGIN_VESRION_NUMBER="17040015" RET_VALUE_ON_UKNOWN="IRRESOLVED" RIGHT_PARENTHESIS="0">
                                <FILTER CASE_SENSITIVE="false" FILTER_ID="-1287958072643844560" TYPE="equals">
                                    <VALUE VALUE2="Exported"/>
                                </FILTER>
                            </CONDITION>
                        </EXPRESSION>
                    </EXPRESSION>
                    <EXPRESSION EXPR_TYPE="NOT">
                        <EXPRESSION EXPR_TYPE="SIMPLE">
                            <CONDITION EMPTY_LIST_VALUE="false" FIELD_NAME="connect_ciscovm_exported_state" INNER_NOT="true" LABEL="Cisco VM Exported State" LEFT_PARENTHESIS="0" LOGIC="AND" PLUGIN_NAME="Connect" PLUGIN_UNIQUE_NAME="connect_module" PLUGIN_VESRION="1.7.4" PLUGIN_VESRION_NUMBER="17040015" RET_VALUE_ON_UKNOWN="IRRESOLVED" RIGHT_PARENTHESIS="0">
                                <FILTER CASE_SENSITIVE="false" FILTER_ID="-5073823838540087701" TYPE="equals">
                                    <VALUE VALUE2="Unchanged"/>
                                </FILTER>
                            </CONDITION>
                        </EXPRESSION>
                    </EXPRESSION>
                </EXPRESSION>
                <ACTION DISABLED="false" NAME="connect_ciscovm_export">
                    <SCHEDULE>
                        <START Class="Delayed" TIMEPERIOD="10 MINUTE"/>
                        <OCCURENCE onEvery="1 HOUR" onStart="true"/>
                    </SCHEDULE>
                </ACTION>
                <EXCEPTION NAME="nbthost" UNKNOWN_EVAL="UNMATCH"/>
                <EXCEPTION NAME="ip" UNKNOWN_EVAL="UNMATCH"/>
                <EXCEPTION NAME="user" UNKNOWN_EVAL="UNMATCH"/>
                <EXCEPTION NAME="mac" UNKNOWN_EVAL="UNMATCH"/>
                <EXCEPTION NAME="group" UNKNOWN_EVAL="UNMATCH"/>
            </INNER_RULE>
            <INNER_RULE APP_VERSION="8.4.2-668" CACHE_TTL="259200" CACHE_TTL_SYNCED="true" CLASSIFICATION="REG_STATUS" DESCRIPTION="" ID="-4724147308646683205" NAME="Exported" NOT_COND_UPDATE="true" RECHECK_MAIN_RULE_DEF="false">
                <MATCH_TIMING SKIP_INACTIVE="true"/>
                <EXPRESSION EXPR_TYPE="SIMPLE">
                    <!--Rule expression. Rule name is: Exported-->
                    <CONDITION EMPTY_LIST_VALUE="false" FIELD_NAME="connect_ciscovm_exported_state" LABEL="Cisco VM Exported State" LEFT_PARENTHESIS="0" LOGIC="AND" PLUGIN_NAME="Connect" PLUGIN_UNIQUE_NAME="connect_module" PLUGIN_VESRION="1.7.4" PLUGIN_VESRION_NUMBER="17040015" RET_VALUE_ON_UKNOWN="IRRESOLVED" RIGHT_PARENTHESIS="0">
                        <FILTER CASE_SENSITIVE="false" FILTER_ID="1014945532289654545" TYPE="equals">
                            <VALUE VALUE2="Exported"/>
                        </FILTER>
                    </CONDITION>
                </EXPRESSION>
                <EXCEPTION NAME="nbthost" UNKNOWN_EVAL="UNMATCH"/>
                <EXCEPTION NAME="ip" UNKNOWN_EVAL="UNMATCH"/>
                <EXCEPTION NAME="user" UNKNOWN_EVAL="UNMATCH"/>
                <EXCEPTION NAME="mac" UNKNOWN_EVAL="UNMATCH"/>
                <EXCEPTION NAME="group" UNKNOWN_EVAL="UNMATCH"/>
            </INNER_RULE>
            <INNER_RULE APP_VERSION="8.4.2-668" CACHE_TTL="259200" CACHE_TTL_SYNCED="true" CLASSIFICATION="REG_STATUS" DESCRIPTION="" ID="-4740376034152331509" NAME="Unchanged" NOT_COND_UPDATE="true" RECHECK_MAIN_RULE_DEF="false">
                <MATCH_TIMING SKIP_INACTIVE="true"/>
                <EXPRESSION EXPR_TYPE="SIMPLE">
                    <!--Rule expression. Rule name is: Unchanged-->
                    <CONDITION EMPTY_LIST_VALUE="false" FIELD_NAME="connect_ciscovm_exported_state" LABEL="Cisco VM Exported State" LEFT_PARENTHESIS="0" LOGIC="AND" PLUGIN_NAME="Connect" PLUGIN_UNIQUE_NAME="connect_module" PLUGIN_VESRION="1.7.4" PLUGIN_VESRION_NUMBER="17040015" RET_VALUE_ON_UKNOWN="IRRESOLVED" RIGHT_PARENTHESIS="0">
                        <FILTER CASE_SENSITIVE="false" FILTER_ID="8824006073164089544" TYPE="equals">
                            <VALUE VALUE2="Unchanged"/>
                        </FILTER>
                    </CONDITION>
                </EXPRESSION>
                <ACTION DISABLED="false" NAME="connect_ciscovm_reset">
                    <SCHEDULE>
                        <START Class="Delayed" TIMEPERIOD="4 WEEK"/>
                        <OCCURENCE onStart="true"/>
                    </SCHEDULE>
                </ACTION>
                <EXCEPTION NAME="nbthost" UNKNOWN_EVAL="UNMATCH"/>
                <EXCEPTION NAME="ip" UNKNOWN_EVAL="UNMATCH"/>
                <EXCEPTION NAME="user" UNKNOWN_EVAL="UNMATCH"/>
                <EXCEPTION NAME="mac" UNKNOWN_EVAL="UNMATCH"/>
                <EXCEPTION NAME="group" UNKNOWN_EVAL="UNMATCH"/>
            </INNER_RULE>
        </RULE_CHAIN>
        <REPORT_TABLES/>
    </RULE>
</RULES>
